631311;China;China;31.05.2017;3:54;02.08.2015;15:28;485;9368
566047;Nigeria;Philippines;02.09.2015;1:37;25.08.2017;7:41;380;8461
858981;China;Yemen;13.02.2017;4:16;12.10.2016;6:43;469;13619
514367;Philippines;China;04.06.2016;6:04;09.04.2017;9:46;200;4178
521370;China;China;13.11.2015;5:21;15.03.2016;13:10;302;5900
384695;Portugal;Slovenia;22.07.2016;14:58;24.01.2015;5:33;271;10390
372560;Argentina;Ukraine;07.12.2017;18:30;26.01.2015;0:32;169;5643
588208;Indonesia;Poland;05.09.2015;0:25;12.07.2017;10:22;222;17424
958079;Thailand;Greece;08.02.2017;19:08;21.05.2015;14:15;285;3268
725002;Honduras;Nigeria;24.03.2015;0:59;30.07.2016;6:20;196;10067
122193;Brazil;Mongolia;10.10.2017;5:05;14.09.2015;22:16;325;3608
633812;Japan;Philippines;20.09.2016;17:13;30.09.2015;19:37;149;14222
750706;Russia;Poland;09.11.2015;15:04;05.08.2015;4:43;181;1006
112979;France;Bhutan;10.07.2015;20:47;06.01.2015;6:13;364;106
643437;Indonesia;Brazil;12.09.2016;13:33;18.02.2015;12:35;343;14334
132429;United States;Indonesia;21.06.2015;10:30;22.10.2016;1:21;463;2411
161617;Croatia;Brazil;26.01.2016;15:25;18.06.2016;23:45;495;1137
273527;China;Czech Republic;14.04.2016;15:47;04.01.2015;19:07;121;6900
814965;Philippines;Afghanistan;24.01.2016;10:51;02.12.2015;23:55;258;11689
495343;Ukraine;United States;24.08.2015;0:44;25.08.2016;22:10;598;8903
696936;Philippines;United States;28.01.2015;10:44;26.12.2017;22:10;446;7967
773954;China;Finland;05.12.2016;18:10;21.11.2016;11:22;37;13482
580637;Czech Republic;Indonesia;26.05.2015;22:52;26.05.2015;13:38;156;18187
523397;Russia;Macedonia;27.06.2017;13:47;09.10.2017;8:06;481;2743
808559;Croatia;Brazil;05.05.2017;23:37;21.03.2017;6:20;503;7181
608729;Ukraine;Palestinian Territory;23.07.2017;6:19;27.02.2017;21:09;53;13600
926429;Bolivia;China;16.01.2017;12:42;12.01.2016;23:21;359;2070
641439;New Caledonia;Finland;21.08.2015;10:50;20.01.2016;8:08;506;13732
936481;Thailand;Greece;10.07.2015;22:21;03.05.2015;13:21;419;15157
111195;China;Greece;20.07.2015;22:19;10.02.2017;9:23;182;8554
742678;China;Indonesia;29.12.2016;20:13;07.02.2017;11:51;357;19442
687444;China;Isle of Man;28.06.2015;21:48;06.04.2017;3:29;578;8875
406910;Philippines;Argentina;13.11.2017;20:52;06.01.2015;17:55;571;1026
784113;Mexico;Saudi Arabia;02.08.2016;12:22;06.10.2017;7:45;483;6272
777633;China;China;26.05.2016;19:26;03.04.2016;9:44;227;319
908346;Japan;South Africa;09.09.2017;7:45;14.09.2016;16:30;213;12624
485817;Colombia;Peru;02.11.2016;1:48;27.07.2015;17:52;544;13221
996681;Portugal;Russia;19.05.2017;5:15;29.09.2015;10:01;437;16299
333024;Czech Republic;China;19.05.2016;19:24;28.01.2016;9:23;149;8801
549074;Albania;Brazil;06.10.2016;15:19;22.07.2017;6:39;150;11951
900390;Iran;South Korea;22.11.2016;4:49;21.03.2017;8:38;147;460
607828;Indonesia;Mexico;08.07.2016;22:42;06.02.2016;23:26;447;15922
308113;Kazakhstan;Bangladesh;16.01.2015;12:06;28.04.2017;14:42;510;16603
513962;Uruguay;Vietnam;18.05.2016;12:25;29.10.2016;0:31;306;1463
850669;Tanzania;Indonesia;06.08.2015;2:32;14.03.2015;4:03;14;19271
520263;China;Poland;20.11.2015;4:07;15.07.2015;1:23;363;2256
211634;Poland;Czech Republic;01.05.2015;13:50;25.10.2015;21:21;577;11688
503482;Ukraine;Ukraine;16.12.2016;2:34;19.05.2015;2:35;61;2544
899034;China;Norway;04.06.2015;18:32;24.10.2017;16:58;137;609
662457;Russia;Russia;10.12.2017;3:35;15.09.2016;21:42;211;1087
400180;China;China;26.02.2017;9:15;09.08.2017;14:24;136;9083
724568;Cape Verde;Mauritania;09.10.2017;10:43;11.01.2017;19:17;160;3477
218839;Libya;United States;23.10.2016;10:28;19.04.2016;3:22;485;14256
359540;Czech Republic;Indonesia;22.10.2017;10:59;06.02.2015;16:35;274;13020
805941;France;Paraguay;31.08.2015;9:45;17.07.2016;17:25;227;7774
225424;China;Uzbekistan;06.07.2017;19:08;22.12.2017;22:43;550;8871
169770;Turkmenistan;Serbia;18.04.2016;11:10;30.03.2015;1:05;116;11734
293597;Tunisia;Taiwan;27.02.2015;19:40;09.02.2016;16:38;13;12213
975480;Indonesia;Honduras;31.03.2016;23:11;31.10.2016;11:03;144;18981
519971;Sri Lanka;Norway;13.03.2016;6:05;29.02.2016;2:47;69;3298
907546;Finland;France;11.02.2015;11:19;19.02.2015;7:45;93;19520
131382;China;Sweden;26.03.2017;7:01;04.10.2017;13:28;212;6210
767352;Philippines;France;26.10.2016;13:26;10.01.2016;2:33;24;5326
547901;Indonesia;Russia;02.01.2015;16:21;18.07.2017;3:45;389;13542
167202;China;China;05.01.2015;23:51;15.06.2015;3:25;304;1792
817491;China;Honduras;30.11.2017;19:05;13.08.2017;14:28;447;12171
835102;Portugal;China;12.06.2017;3:28;04.04.2016;13:12;596;7451
188463;Colombia;Indonesia;05.05.2016;1:24;29.11.2015;8:27;332;6448
882971;Canada;Israel;12.05.2016;5:52;28.07.2016;0:40;468;8710
288740;Ukraine;Sweden;24.04.2017;11:46;21.10.2016;2:43;409;3190
205518;Poland;China;12.06.2015;20:09;06.01.2017;4:31;96;1563
773383;Philippines;Uruguay;11.11.2016;12:46;13.11.2016;23:10;62;2574
411364;China;China;27.06.2016;3:45;02.03.2015;3:17;455;9941
280356;China;Haiti;13.10.2016;3:29;06.03.2016;19:52;286;11912
575777;China;China;03.02.2015;9:23;17.06.2017;6:35;178;7670
315476;Greece;China;10.10.2017;18:12;23.08.2017;3:17;154;2593
811432;Russia;Mexico;20.11.2016;16:32;09.01.2016;12:33;381;5500
235257;Czech Republic;Japan;20.07.2016;6:08;19.08.2016;1:18;391;411
893055;Japan;Indonesia;23.12.2015;12:17;29.12.2017;12:15;232;6221
972902;Sweden;China;03.10.2016;17:22;08.02.2015;7:17;303;12148
380983;Peru;Mongolia;13.07.2015;15:16;23.07.2015;14:08;85;14155
651053;Greece;France;20.01.2017;19:05;25.08.2015;8:23;210;19451
739656;Norway;Nigeria;02.01.2017;2:19;25.12.2017;20:18;34;18890
694396;U.S. Virgin Islands;China;27.11.2015;11:58;30.09.2015;10:25;565;15428
751650;Indonesia;Czech Republic;14.04.2015;13:27;12.07.2015;3:05;407;15243
215447;France;China;20.08.2015;10:46;04.04.2015;18:46;101;15676
640773;Honduras;Poland;29.07.2015;22:20;08.03.2016;23:53;357;2945
176237;Philippines;South Africa;30.11.2016;12:49;31.08.2017;3:34;81;10032
679611;Poland;Argentina;05.09.2016;9:05;17.09.2017;4:29;23;3356
477659;Portugal;Indonesia;05.04.2016;0:16;09.03.2016;0:09;8;10424
124373;French Polynesia;Pakistan;13.04.2015;2:57;18.06.2015;13:03;182;3976
311910;Portugal;China;12.07.2016;10:49;08.03.2015;3:35;537;14597
105580;Sweden;China;06.06.2015;6:09;14.02.2015;6:13;167;5963
681217;Canada;France;02.08.2017;4:33;26.01.2017;14:00;272;4976
205847;Syria;Venezuela;07.01.2016;8:19;03.09.2016;6:30;375;15054
155270;Peru;Brazil;15.08.2015;13:45;16.11.2015;1:53;562;8079
422582;Russia;Peru;22.05.2016;3:56;14.03.2015;20:20;258;17876
483320;Indonesia;Sweden;15.01.2017;10:28;20.11.2015;1:55;84;6785
107781;Venezuela;China;13.12.2015;19:47;10.03.2016;14:30;571;19389
751616;Moldova;China;24.01.2016;11:32;31.08.2017;5:43;6;4130
631210;Honduras;China;27.09.2016;21:28;02.09.2017;20:08;578;6216
815558;Thailand;Indonesia;18.08.2017;18:50;09.07.2015;5:18;127;14756
400617;Brazil;China;21.10.2017;9:24;31.08.2015;12:17;269;12098
831040;Poland;South Africa;17.08.2016;9:53;27.12.2015;18:06;391;11738
297577;China;Portugal;28.06.2015;3:54;15.08.2017;23:34;385;2113
897352;Philippines;Peru;23.12.2016;14:36;06.11.2016;7:45;459;15695
681437;Dominican Republic;Brazil;20.05.2016;14:55;13.02.2016;13:06;126;19717
260634;Afghanistan;Russia;11.06.2016;9:57;17.08.2017;8:41;439;16416
804608;Poland;Paraguay;16.08.2016;16:44;15.11.2015;18:41;498;13589
130738;France;Philippines;20.12.2015;13:18;21.01.2017;6:26;92;17102
694598;Indonesia;Indonesia;22.09.2015;2:41;31.03.2015;17:23;328;7672
530025;China;Czech Republic;31.10.2015;21:12;23.06.2016;13:08;50;7123
337277;Thailand;Belarus;13.10.2015;13:48;07.09.2016;0:51;397;17090
573920;Mongolia;Philippines;10.04.2017;9:33;24.01.2016;16:45;131;11811
530633;United States;Philippines;27.04.2016;6:21;05.12.2016;9:47;476;6402
593926;China;Indonesia;17.07.2016;19:05;30.07.2017;13:44;189;16264
558533;Brazil;Kyrgyzstan;10.11.2015;21:33;30.03.2016;2:33;355;18738
591623;Canada;Tanzania;26.01.2017;9:55;12.10.2015;13:18;25;14612
223724;Albania;Portugal;15.03.2016;4:08;06.02.2017;21:46;589;4662
250755;Russia;China;25.11.2015;11:44;28.10.2017;1:50;171;17310
943861;Brazil;France;03.04.2017;1:27;07.10.2017;2:10;198;10647
604828;France;France;28.06.2015;19:59;15.02.2015;14:40;143;19856
376451;Russia;New Zealand;23.07.2016;12:56;14.07.2015;1:33;461;19087
688111;Brazil;Indonesia;04.09.2015;13:04;08.04.2015;17:12;319;10180
151618;Russia;Indonesia;01.01.2016;18:08;22.02.2015;9:21;195;11193
805259;Brazil;Greece;27.11.2017;9:45;19.08.2016;5:32;596;14294
931711;Russia;United States;24.11.2015;5:58;24.02.2017;21:25;527;6878
131519;Japan;Portugal;21.02.2016;2:50;09.12.2017;1:39;64;6017
202746;Ukraine;Greece;05.01.2017;18:29;18.01.2016;19:31;590;12518
625769;Philippines;Cambodia;30.12.2016;18:14;26.10.2017;20:41;452;18251
773596;Sweden;China;24.02.2017;22:05;20.11.2017;10:41;468;19537
798184;Finland;Portugal;12.08.2015;1:41;06.01.2017;22:51;200;7252
213571;Indonesia;China;04.01.2016;22:38;24.07.2016;15:58;107;7191
511447;Indonesia;Russia;02.12.2016;1:49;27.02.2016;16:33;8;19824
376950;Honduras;Poland;26.04.2016;10:39;02.02.2016;15:07;132;3803
852751;Cook Islands;Argentina;17.04.2016;12:18;05.12.2016;1:07;329;12109
654732;Nigeria;South Africa;08.02.2015;1:09;02.12.2016;23:57;286;19155
899090;Madagascar;China;25.10.2017;21:16;07.11.2017;21:59;166;16227
480038;Brazil;China;08.02.2016;3:33;22.08.2016;17:30;413;19095
943577;Philippines;Albania;08.11.2017;6:31;28.10.2017;21:30;47;6536
893409;China;Georgia;16.05.2015;13:31;25.12.2017;7:27;220;8244
815092;China;Ireland;03.07.2017;4:33;14.05.2015;17:09;295;5880
750012;Japan;Colombia;24.06.2017;23:16;01.06.2017;17:48;5;1808
119223;United States;Philippines;26.07.2017;7:07;04.09.2017;9:40;274;6822
442882;United Kingdom;Cuba;22.10.2015;9:42;12.12.2015;3:52;473;13562
803661;Finland;Indonesia;02.05.2015;19:15;28.05.2016;4:26;30;8997
859009;Russia;Brazil;28.05.2015;12:14;13.05.2017;5:47;562;11203
147562;China;Indonesia;16.01.2017;11:06;30.08.2016;17:19;595;9703
227761;Russia;China;21.10.2016;1:24;29.11.2016;5:14;148;19005
649582;France;Colombia;12.05.2015;12:22;19.03.2016;21:51;491;8222
889622;Indonesia;Philippines;10.01.2015;13:31;11.02.2017;20:40;564;16808
455975;Russia;China;07.10.2016;14:08;16.11.2017;21:46;506;16433
611555;Ivory Coast;Ukraine;18.08.2016;14:46;01.11.2015;18:25;276;17061
972344;Palestinian Territory;Guatemala;17.09.2017;12:05;14.03.2016;12:25;486;15195
742542;Sri Lanka;Indonesia;17.11.2017;22:47;26.09.2015;17:25;117;607
283153;Guatemala;Thailand;18.07.2016;22:47;19.02.2017;3:50;19;11302
329890;Sweden;Russia;29.01.2015;22:28;28.04.2016;12:10;155;17119
315828;Indonesia;Bangladesh;12.09.2015;19:25;15.07.2017;8:51;296;14112
368593;Croatia;China;20.10.2016;9:45;04.07.2015;11:07;128;19653
240719;Greece;Czech Republic;05.05.2015;15:07;19.11.2017;13:15;348;3817
318566;Kazakhstan;Portugal;13.04.2016;16:18;13.11.2015;14:09;552;2529
709218;China;China;24.02.2015;9:04;11.02.2015;15:59;475;19526
387309;Japan;Brazil;24.06.2017;22:34;24.01.2015;7:08;102;8833
899109;China;Greece;10.02.2017;8:11;08.01.2016;7:18;345;4512
195612;Thailand;Indonesia;30.03.2017;1:20;05.04.2017;15:43;89;15369
892423;Sweden;Poland;24.09.2015;14:25;05.09.2017;9:08;307;12487
567924;Brazil;Colombia;20.12.2017;5:32;21.04.2016;11:31;25;11347
427852;South Africa;China;11.06.2017;12:50;14.02.2016;2:43;442;9611
571660;Croatia;China;23.01.2017;20:34;23.07.2015;11:28;363;14923
815599;Albania;Nigeria;19.04.2016;15:41;31.08.2016;21:22;407;10156
686439;China;Ukraine;05.07.2016;20:51;31.05.2017;17:28;49;6610
683180;Poland;France;14.01.2016;14:00;24.06.2017;4:35;18;12117
171630;Albania;Ukraine;09.06.2016;23:27;18.05.2017;9:21;74;13209
858068;Finland;Comoros;13.12.2017;21:01;23.11.2015;2:12;488;12762
138719;Sierra Leone;Greece;21.02.2015;10:53;16.02.2017;14:20;277;887
369511;Russia;Mexico;07.12.2017;11:45;12.03.2017;0:40;412;16621
381411;North Korea;Indonesia;08.06.2015;12:20;10.11.2015;2:40;129;3210
559925;China;Russia;24.07.2015;2:22;26.10.2015;1:48;228;5180
838658;Peru;China;23.09.2016;2:33;13.01.2017;19:25;30;3462
636505;France;France;14.07.2017;17:10;08.08.2016;18:19;354;3914
255872;France;China;13.07.2016;19:30;20.04.2015;15:13;347;13499
119256;Indonesia;Indonesia;20.01.2015;5:27;14.05.2016;11:10;527;4949
897683;South Africa;Indonesia;02.06.2015;12:46;26.09.2017;21:00;590;13578
679598;Mexico;China;03.12.2016;10:18;04.04.2017;13:35;380;9558
842262;Greece;Vietnam;17.06.2017;15:07;19.10.2015;4:56;147;18920
421600;Russia;Brazil;25.06.2017;0:55;08.04.2016;18:21;244;3009
657421;Indonesia;United States;15.02.2016;2:05;14.10.2016;10:00;286;11386
450296;China;Macao;21.03.2016;5:39;25.09.2017;21:59;558;9041
925170;Bangladesh;Venezuela;16.11.2016;2:02;29.04.2017;6:12;462;15936
497831;Albania;China;08.02.2016;7:25;25.09.2017;5:59;472;3246
831763;Russia;Indonesia;08.12.2015;13:03;01.08.2017;4:50;264;18951
606118;Russia;Czech Republic;05.01.2016;11:00;11.03.2017;3:22;25;14422
444928;Russia;China;27.03.2017;18:55;05.08.2017;4:22;502;13881
670738;Indonesia;Colombia;01.08.2016;9:35;11.11.2017;10:46;448;5709
392076;Indonesia;Armenia;24.11.2015;7:41;18.02.2017;11:45;481;5863
162587;Indonesia;Brazil;12.03.2017;10:57;14.03.2017;21:30;323;16858
394129;Mayotte;Portugal;16.03.2017;19:41;08.04.2016;10:29;212;11973
535548;Peru;Paraguay;03.07.2016;23:41;27.01.2015;2:04;389;577
403618;France;Philippines;02.07.2016;11:21;08.07.2017;14:10;200;3385
825339;Mayotte;Nigeria;27.12.2016;21:54;16.07.2015;19:46;151;1604
216520;Nicaragua;Philippines;02.08.2017;6:36;13.07.2015;15:35;3;19572
125431;Russia;Afghanistan;01.03.2015;5:49;16.02.2017;4:36;262;12868
844518;Mauritania;United States;30.12.2016;0:00;26.10.2016;19:20;413;13665
626916;Zimbabwe;Indonesia;11.02.2017;13:14;13.04.2017;14:18;586;15098
447457;France;Russia;01.06.2017;6:44;08.09.2016;1:03;134;2951
284964;China;Bosnia and Herzegovina;13.09.2016;13:00;24.06.2015;9:17;109;8867
920815;Indonesia;China;07.03.2017;18:47;24.10.2016;4:52;375;19713
481852;Albania;Malawi;29.06.2016;18:11;07.05.2016;1:43;131;7295
217356;New Caledonia;Greece;23.08.2016;18:07;12.03.2016;8:05;314;16199
259464;Kazakhstan;Russia;30.01.2015;3:04;25.07.2016;15:29;188;18828
101581;Philippines;Sweden;22.04.2015;4:15;22.05.2017;1:27;178;17245
733629;Peru;Mexico;17.09.2016;12:49;12.10.2017;19:46;148;8188
382330;China;Indonesia;09.11.2016;17:26;24.12.2015;23:36;578;5640
888737;Dominican Republic;Mexico;02.11.2015;13:42;17.05.2016;2:19;33;13464
651442;Peru;Senegal;13.08.2015;1:00;22.01.2015;2:45;94;56
249502;Qatar;Honduras;30.11.2016;21:29;18.08.2015;22:23;440;15481
428925;Russia;Greece;30.10.2016;10:43;01.07.2015;1:41;499;15322
997202;Russia;Portugal;16.12.2016;13:38;18.08.2015;19:47;95;7734
141845;Chile;Albania;27.05.2015;1:45;17.07.2017;21:42;158;17429
657723;Nigeria;China;23.12.2017;10:00;04.10.2016;14:24;419;2097
934030;Belarus;Croatia;12.12.2017;20:57;02.08.2017;6:42;291;4424
940000;China;Indonesia;07.07.2017;5:29;14.02.2017;0:17;150;2510
994303;United States;Brazil;28.04.2015;19:24;15.08.2017;5:41;28;17385
935665;Russia;China;29.11.2015;17:36;29.10.2017;4:02;263;2185
523838;China;Poland;19.08.2017;12:23;15.08.2017;17:22;259;7814
381187;China;Russia;05.01.2017;19:16;31.12.2017;1:12;422;15146
374490;France;Ukraine;19.12.2016;7:45;18.04.2015;0:38;250;1286
308548;Indonesia;Latvia;20.10.2016;4:21;14.03.2017;15:58;233;15573
179118;Indonesia;France;29.05.2017;6:03;10.04.2017;18:10;113;10826
209824;Costa Rica;France;07.09.2015;5:44;13.07.2015;8:53;171;16870
867573;Brazil;Colombia;22.02.2017;12:46;06.01.2015;16:54;418;12552
282202;China;Indonesia;14.02.2017;12:04;22.07.2015;16:44;118;10195
381870;Canada;Portugal;25.09.2017;19:01;22.11.2017;4:31;136;12757
562985;Brazil;Japan;04.09.2015;12:27;03.02.2016;21:55;329;19531
793869;Russia;Brazil;29.06.2015;18:00;10.03.2017;15:52;374;13106
583301;Panama;Indonesia;18.10.2015;8:08;16.02.2016;4:12;171;5790
159909;Indonesia;Philippines;30.09.2016;19:39;30.09.2017;16:41;394;11798
429605;Poland;Brazil;12.01.2017;18:25;01.03.2017;19:12;487;8083
984636;Venezuela;Japan;04.07.2017;19:40;13.12.2015;23:04;59;18401
432101;Portugal;Czech Republic;24.04.2015;9:49;01.07.2017;0:22;448;4972
976968;Sweden;China;07.02.2017;13:51;18.07.2017;22:24;461;10996
111436;South Africa;Sweden;23.11.2015;19:47;16.06.2015;14:14;295;19732
401802;France;Russia;28.08.2016;22:22;07.02.2015;15:00;216;14262
140114;Wallis and Futuna;China;02.07.2016;18:16;25.01.2015;17:30;109;18875
393603;Greece;China;04.06.2016;2:44;05.07.2015;9:11;39;3170
219806;China;Brazil;27.07.2017;7:17;26.02.2016;5:05;135;19189
745747;Ghana;France;29.12.2017;13:53;12.06.2015;13:51;441;14354
552225;Sudan;Venezuela;06.10.2015;0:03;11.07.2015;0:24;358;17332
816900;Albania;Slovenia;27.09.2017;15:04;09.10.2016;5:23;214;3767
378994;Macedonia;Greece;26.10.2016;10:26;16.02.2015;13:43;587;8180
224318;China;Greece;13.09.2016;23:01;17.07.2017;12:27;140;8179
371865;United States;Poland;29.03.2015;5:00;04.06.2015;12:29;9;13820
614829;Portugal;Argentina;12.02.2015;2:50;08.02.2015;13:17;80;13965
918450;Indonesia;South Africa;30.07.2016;0:01;03.10.2016;17:36;82;2796
103780;China;Mauritius;12.05.2016;15:03;21.11.2017;1:35;423;8635
399621;Indonesia;Kyrgyzstan;14.04.2017;11:29;08.11.2015;7:07;485;16746
973851;Sweden;Poland;30.03.2015;14:42;24.05.2017;21:17;572;12565
271280;United States;Sweden;23.07.2017;21:40;09.05.2017;19:59;579;15248
539337;Syria;China;13.06.2016;0:15;12.09.2015;5:31;169;2767
974566;Poland;United States;31.10.2015;4:00;17.06.2015;0:25;460;17633
326307;Tajikistan;Indonesia;06.05.2017;12:55;27.08.2015;19:35;258;12028
865160;Indonesia;Indonesia;31.05.2017;21:05;17.11.2017;18:42;429;4772
336263;China;Czech Republic;11.04.2017;1:14;12.02.2017;2:54;41;7526
421435;United States;China;18.03.2016;1:00;08.03.2015;10:15;49;3734
461000;China;Cameroon;18.06.2017;20:49;30.08.2015;0:32;25;5987
542271;France;Argentina;17.04.2017;18:56;17.04.2017;17:12;273;16798
168875;Democratic Republic of the Congo;Bangladesh;14.11.2015;23:48;03.11.2017;7:42;224;8577
857417;Indonesia;China;11.01.2016;2:53;19.02.2016;8:52;489;13418
686570;Indonesia;Colombia;26.03.2015;5:17;23.12.2015;2:13;86;11149
812149;France;Indonesia;23.11.2017;22:07;26.11.2017;15:58;325;16542
636403;France;Ukraine;29.06.2015;11:18;29.11.2016;6:41;370;1806
444388;Liberia;Nepal;25.02.2017;20:22;19.05.2016;11:11;140;10435
205314;Nigeria;Greece;01.07.2015;18:46;28.08.2015;11:21;231;4089
299780;Vietnam;Peru;16.10.2015;0:29;16.01.2016;11:44;544;9079
618998;Montenegro;Indonesia;16.11.2015;1:24;02.07.2017;13:58;588;12090
956169;France;Tanzania;23.11.2015;11:47;28.10.2015;5:41;328;2779
763336;United States;France;10.03.2016;2:25;18.05.2015;22:52;390;9303
332522;Cuba;Sweden;09.06.2015;18:44;29.07.2016;3:05;65;18694
102365;China;Russia;12.12.2017;0:37;05.05.2015;13:18;491;15750
244802;Philippines;Ethiopia;27.09.2015;6:10;21.07.2017;6:35;49;14289
287430;China;Guam;22.07.2015;3:16;24.09.2016;8:44;3;71
125080;Russia;Japan;03.12.2015;7:15;11.07.2016;5:09;569;5856
233941;Portugal;Canada;02.08.2015;23:49;22.01.2016;3:05;21;5316
320238;Armenia;China;03.03.2017;23:43;11.07.2017;11:16;338;13831
427817;Japan;Brazil;21.03.2015;15:10;04.01.2015;0:34;198;11807
438329;Brazil;North Korea;09.11.2017;8:53;25.09.2015;13:22;594;5250
413288;Colombia;Kazakhstan;18.09.2016;8:22;11.08.2016;8:43;518;11483
113367;Lithuania;Central African Republic;11.08.2015;6:18;13.08.2016;3:06;344;10629
145111;Vietnam;Russia;18.07.2016;17:58;16.10.2017;6:42;565;19081
738537;Serbia;China;26.06.2015;18:21;21.02.2015;1:08;442;6509
116291;China;Slovenia;14.11.2016;13:57;12.04.2017;19:24;578;3294
841676;Indonesia;Indonesia;13.05.2016;6:47;23.04.2017;6:10;333;18598
200745;Russia;China;22.10.2017;3:37;23.05.2015;15:58;66;16606
586823;Indonesia;Indonesia;11.12.2016;7:30;08.04.2016;16:54;500;5474
363077;Brazil;Indonesia;18.04.2016;17:05;08.03.2015;5:58;488;5501
678408;Japan;Serbia;13.05.2017;7:22;17.07.2015;14:09;114;19611
823027;Portugal;Argentina;20.05.2015;9:09;14.05.2016;19:06;437;10938
639165;Afghanistan;Poland;19.11.2016;0:54;12.06.2015;23:45;348;4277
323608;Philippines;Indonesia;29.10.2017;10:49;04.01.2017;4:53;334;7793
801389;Poland;China;24.10.2016;4:51;02.01.2016;21:50;163;16432
409826;Ivory Coast;China;07.11.2015;21:09;29.08.2016;21:13;298;9533
946167;Ukraine;Indonesia;25.08.2015;9:30;09.12.2015;20:53;168;18706
132866;China;Ecuador;02.12.2016;4:48;24.12.2015;2:01;105;935
808653;Portugal;Poland;26.05.2015;16:50;03.06.2016;4:45;286;4752
421086;Greece;Chad;03.07.2016;5:12;14.11.2015;10:21;259;13088
124160;Japan;Poland;28.08.2016;2:58;19.08.2015;10:22;471;611
508332;United States;Guatemala;07.12.2017;2:28;01.08.2015;6:23;482;19939
836657;Peru;Ivory Coast;30.08.2015;5:11;02.06.2016;14:00;284;18024
537816;Brazil;Russia;25.11.2016;16:20;15.01.2017;21:01;107;13873
456733;Hungary;Czech Republic;04.11.2015;16:17;28.06.2015;19:53;465;19736
971025;France;Indonesia;30.09.2016;15:34;08.11.2017;23:07;238;14106
738688;Brazil;Brazil;02.08.2017;14:46;06.08.2016;23:15;542;1443
613361;China;Philippines;19.01.2017;19:03;05.11.2015;1:50;568;13600
954820;China;Brazil;04.07.2016;8:14;27.12.2016;4:55;221;12751
735191;Finland;France;22.08.2015;15:43;22.09.2016;15:10;65;7345
873746;Brazil;Poland;06.01.2017;2:58;05.11.2016;17:36;307;15223
756215;Tanzania;Argentina;19.07.2017;11:04;29.04.2015;4:06;541;3457
638064;Brazil;Poland;15.04.2017;19:18;30.05.2017;20:42;112;4613
417084;Thailand;France;03.12.2015;22:08;24.03.2016;14:04;28;14888
172929;Japan;Mexico;08.01.2016;3:04;05.01.2015;11:39;199;1196
517771;Thailand;China;19.04.2017;23:41;28.02.2016;4:04;157;13848
331444;China;Montenegro;28.03.2017;5:38;11.07.2016;20:42;304;11216
942932;United Kingdom;Uruguay;06.09.2016;3:43;22.09.2016;3:15;368;7772
957774;Russia;China;29.11.2015;19:52;11.04.2017;17:36;319;1996
175180;Ukraine;France;03.11.2017;12:44;28.02.2017;6:19;126;13177
271550;Egypt;Morocco;03.11.2015;5:04;19.11.2015;9:34;284;1021
286019;Canada;Peru;07.10.2015;4:02;10.06.2016;5:42;594;10955
669807;Ivory Coast;Kenya;06.10.2016;10:12;02.09.2016;9:09;387;1965
869684;Indonesia;China;27.04.2015;18:45;12.04.2015;14:33;305;18539
710103;Poland;Jordan;01.11.2015;16:21;15.05.2017;21:44;76;7579
830800;Cuba;United States;19.12.2017;19:51;16.07.2016;12:23;266;4741
506078;Czech Republic;French Polynesia;24.05.2016;3:51;07.06.2016;3:15;202;12771
973598;United States;Russia;30.07.2017;10:56;15.09.2015;4:08;137;15862
728006;Italy;Brazil;11.04.2017;16:02;09.01.2015;6:50;276;150
778867;Colombia;China;23.03.2017;16:06;19.10.2017;19:00;32;19889
557530;Indonesia;Brazil;28.10.2016;22:53;03.01.2016;8:05;322;1453
482745;Indonesia;Brazil;14.02.2016;16:22;20.09.2016;14:38;321;16049
836024;Indonesia;Poland;20.09.2015;2:35;26.10.2016;17:18;307;9413
270788;Sweden;China;27.12.2015;6:06;18.07.2015;5:12;256;8460
725963;France;Bahamas;15.11.2017;17:52;23.03.2017;23:40;574;17444
886087;Poland;China;26.10.2015;11:07;14.02.2016;23:54;248;19357
403479;China;Indonesia;03.03.2015;23:01;24.01.2016;10:11;502;983
275157;France;Indonesia;21.10.2015;18:48;25.06.2015;19:54;465;12809
924029;Peru;Kazakhstan;30.04.2016;1:41;03.10.2017;5:36;382;15474
947370;Indonesia;Croatia;10.06.2015;12:14;03.08.2015;22:48;492;13992
633445;Indonesia;China;20.06.2015;1:35;05.06.2017;2:06;520;13527
274281;Indonesia;Sweden;20.05.2016;18:16;03.02.2015;14:14;357;18929
280679;Russia;Iraq;06.04.2017;18:19;29.06.2015;20:02;28;9482
588125;Canada;United States;21.04.2017;6:02;25.01.2015;10:28;363;1853
136333;Indonesia;China;24.02.2015;1:40;11.01.2016;15:26;546;10789
298089;Argentina;China;20.08.2017;23:16;18.12.2015;15:42;587;18105
875024;Indonesia;Philippines;03.10.2017;15:09;08.09.2017;11:17;501;14451
384476;Indonesia;Hong Kong;19.03.2015;23:14;20.04.2017;6:52;401;470
471684;Ethiopia;China;29.03.2015;19:14;07.07.2015;8:55;535;8250
953206;Moldova;China;21.08.2016;18:22;28.11.2016;0:44;353;681
301527;China;Sweden;10.05.2017;0:24;17.10.2016;11:54;286;4006
863078;Portugal;Albania;01.02.2015;22:48;23.08.2016;19:18;58;11424
795082;China;Indonesia;14.03.2017;15:10;29.10.2016;5:37;348;8794
490621;Mexico;Nepal;27.12.2015;23:43;10.04.2017;12:53;83;15986
513288;Morocco;Indonesia;24.02.2015;2:17;08.04.2016;3:56;427;15264
698644;Iran;Indonesia;28.12.2017;5:09;02.10.2017;10:52;472;7406
625362;Argentina;Indonesia;30.07.2017;1:40;09.07.2017;17:54;482;2129
678956;Peru;China;12.09.2017;22:24;11.01.2016;11:05;40;471
215074;Canada;Mexico;01.05.2015;8:16;26.03.2016;9:09;79;17548
588644;Colombia;Indonesia;13.04.2015;22:48;03.03.2017;9:58;413;6777
160623;Iran;Russia;10.05.2017;17:41;17.12.2016;13:43;328;952
763036;China;Peru;08.07.2016;14:30;01.06.2015;14:25;417;13098
692679;Greece;Bangladesh;15.06.2016;3:27;21.08.2016;18:38;247;5147
500103;France;Croatia;30.11.2016;15:45;10.08.2017;1:17;410;4690
592448;China;Sweden;21.12.2017;5:59;05.08.2016;4:17;219;6270
303778;Indonesia;Portugal;29.10.2015;7:05;23.06.2016;19:51;224;4610
352366;Poland;China;03.12.2016;22:38;13.12.2015;4:29;69;1683
402853;China;United States;10.07.2015;8:43;04.12.2017;21:22;407;1284
494257;Tanzania;Indonesia;30.11.2016;21:26;30.07.2017;16:58;44;3365
197294;Indonesia;Portugal;22.12.2015;9:01;22.01.2017;15:17;523;16691
787002;Bulgaria;Iraq;12.05.2015;6:48;12.10.2017;18:31;348;15068
583072;Morocco;France;18.01.2017;9:51;22.08.2016;11:21;293;15752
242619;China;United States;07.07.2017;22:30;02.06.2016;20:11;302;13524
697908;Russia;Russia;28.03.2016;19:51;30.05.2016;23:56;491;3728
464197;Thailand;Russia;19.01.2015;5:49;12.02.2015;7:46;557;15325
603642;Indonesia;Thailand;13.04.2015;1:08;07.02.2017;10:52;84;1733
737713;China;Brazil;11.11.2017;17:06;28.06.2015;14:14;503;3669
160013;Portugal;Colombia;12.02.2015;20:16;24.01.2015;2:40;202;18096
632310;Yemen;France;12.04.2016;0:02;15.05.2015;8:44;25;10013
268517;Kenya;Serbia;31.05.2016;2:47;09.06.2015;10:04;249;13955
887792;Philippines;China;17.01.2015;22:13;21.05.2015;3:05;189;18335
720444;Russia;France;11.12.2016;21:43;20.12.2017;20:26;298;2780
873485;Bulgaria;China;21.06.2017;20:09;28.07.2016;16:02;239;5393
287881;China;United States;16.09.2017;7:54;12.02.2017;17:54;138;3432
415049;Indonesia;Indonesia;01.01.2017;1:29;16.08.2017;0:04;108;5279
994396;Russia;Ukraine;19.06.2017;8:22;02.06.2017;23:04;2;15930
294849;Russia;France;12.12.2015;13:06;28.10.2015;23:04;111;1951
856964;Poland;Japan;07.04.2015;15:21;07.05.2015;14:34;554;7418
672982;Macedonia;France;21.10.2016;1:14;04.09.2016;18:33;460;17800
878045;Serbia;Thailand;18.12.2017;14:08;29.06.2015;22:26;230;16483
590532;China;United States;16.10.2016;16:24;04.10.2016;2:32;241;10045
620400;Latvia;Indonesia;16.01.2015;13:01;23.09.2015;0:25;128;10691
928972;Venezuela;Vietnam;10.04.2017;1:37;24.09.2015;16:03;21;8828
236722;Indonesia;Bulgaria;05.07.2016;19:04;26.03.2017;13:14;233;16488
644377;Peru;Somalia;13.05.2016;21:56;02.07.2015;12:30;35;13057
620742;Madagascar;China;28.10.2017;6:37;24.01.2015;21:31;534;9355
414761;China;Russia;04.10.2017;3:44;22.05.2016;12:20;225;19528
775074;Hungary;Portugal;30.05.2015;6:53;31.01.2016;1:02;221;1245
859059;Indonesia;Afghanistan;30.11.2017;17:50;03.06.2015;21:55;503;4150
645831;Indonesia;China;04.01.2016;9:55;13.12.2015;22:21;409;7795
655869;Colombia;Brazil;10.01.2017;13:25;25.02.2017;22:54;136;17412
948657;Japan;United States;25.05.2016;14:56;10.12.2016;4:42;107;12514
717987;Bulgaria;Indonesia;13.07.2016;21:32;03.08.2016;9:52;343;13122
359392;China;Ukraine;19.03.2017;5:08;27.10.2015;10:55;332;4552
371760;North Korea;Croatia;09.05.2015;4:06;06.01.2016;2:40;476;15600
342149;China;China;03.05.2015;3:22;06.06.2015;8:42;195;15345
718202;Poland;Russia;01.08.2015;3:29;02.05.2017;0:38;336;9789
663333;Indonesia;Ireland;07.05.2017;1:02;20.11.2015;2:11;184;1431
142132;Poland;Russia;17.08.2017;16:37;24.03.2017;13:37;597;14482
253860;Namibia;Moldova;22.12.2017;16:53;30.11.2015;23:56;180;17984
605758;Mexico;Slovenia;15.06.2017;18:03;21.07.2016;22:36;89;14214
322707;China;Syria;23.09.2016;22:02;15.10.2016;6:21;334;12639
216163;China;China;15.10.2015;10:24;17.06.2015;13:38;1;17538
352325;Norway;China;31.08.2015;22:32;23.06.2015;0:33;593;5781
413459;China;Russia;07.01.2017;6:06;02.11.2017;1:38;66;14619
925422;Brazil;Philippines;06.09.2016;10:29;09.02.2017;16:06;134;13204
716960;Brazil;Thailand;02.08.2016;11:13;18.02.2016;7:11;389;12270
856580;Argentina;Indonesia;03.06.2016;11:26;09.04.2016;19:50;180;7704
902281;China;Portugal;30.03.2016;8:30;27.07.2016;18:08;408;7954
268535;France;China;08.08.2016;6:14;28.06.2017;15:39;576;10350
389017;Ecuador;Russia;24.03.2016;9:43;05.03.2015;16:23;447;12106
113615;Albania;Belarus;16.12.2016;14:57;10.09.2015;11:35;11;6123
307729;Iraq;Sweden;27.03.2017;18:39;03.01.2017;6:04;399;15714
616463;China;China;09.04.2016;7:19;19.05.2016;18:47;530;2174
297343;Poland;Indonesia;03.09.2017;11:19;09.11.2016;6:22;237;7878
980934;China;Portugal;03.08.2015;14:43;04.02.2015;17:08;186;1286
381081;France;Portugal;20.09.2017;7:21;09.03.2017;20:42;583;415
859999;Albania;China;12.01.2015;12:15;04.12.2016;20:16;73;5117
182462;Mexico;Nicaragua;02.02.2015;12:29;10.03.2015;21:03;451;19007
584214;China;Indonesia;27.11.2015;18:58;10.07.2017;1:39;366;7379
327783;Croatia;Estonia;18.03.2015;16:50;09.04.2017;7:56;389;8108
209910;Portugal;Azerbaijan;16.02.2017;15:39;12.07.2017;3:34;117;7593
525558;Portugal;Russia;25.01.2016;14:15;24.08.2017;4:36;119;10920
543048;Indonesia;China;14.12.2017;15:22;15.11.2016;14:22;172;3718
728221;Kazakhstan;France;16.10.2016;9:38;05.02.2017;20:24;254;17076
439858;Finland;Sweden;09.10.2016;5:49;14.08.2015;15:39;132;1397
515069;Guyana;Uganda;04.10.2016;10:05;30.11.2015;20:18;551;18547
769218;Mongolia;Canada;17.01.2015;23:51;06.04.2016;11:38;86;2836
893852;Indonesia;Western Sahara;19.10.2017;13:31;30.11.2016;14:41;202;17281
766157;Azerbaijan;Kenya;23.10.2015;16:46;19.05.2015;21:45;442;19105
994266;Indonesia;Argentina;20.05.2017;16:05;29.10.2016;2:31;410;10922
316127;China;Russia;15.07.2016;5:52;03.12.2015;20:26;600;16777
496673;Indonesia;Israel;30.08.2017;0:18;14.06.2016;22:42;5;5259
416694;Botswana;Poland;05.03.2015;0:03;28.06.2017;7:19;236;9162
644069;Montenegro;Indonesia;27.02.2016;4:22;25.06.2015;1:59;240;11867
375691;Mexico;Haiti;01.04.2017;2:04;02.02.2017;10:05;276;17822
741310;Sweden;China;20.02.2017;20:35;04.05.2015;18:31;278;1565
489227;Greece;Jamaica;29.04.2017;6:38;23.07.2015;10:50;597;2836
960873;China;Indonesia;07.05.2016;1:11;27.08.2017;17:24;20;10360
575346;Nigeria;Russia;27.06.2016;19:49;11.09.2017;12:15;577;1125
482100;Lithuania;Mali;19.08.2015;10:45;22.06.2017;15:59;19;19902
396109;Thailand;China;27.12.2017;10:46;11.06.2017;2:40;526;10251
920432;China;Portugal;01.03.2015;6:05;06.01.2017;4:44;542;15252
965678;Czech Republic;China;18.11.2015;5:52;23.04.2017;8:24;253;2720
634004;Venezuela;Poland;27.09.2015;16:03;15.12.2017;11:38;33;2139
136597;Poland;China;03.01.2016;0:10;31.01.2015;9:33;420;18889
613083;China;France;05.03.2015;14:18;18.10.2015;10:12;583;14119
647120;Indonesia;Guatemala;11.06.2016;17:38;18.06.2015;1:35;166;9044
710902;Indonesia;United States;08.03.2017;21:55;28.06.2015;13:33;288;14469
448139;Brazil;Philippines;07.12.2015;15:10;20.04.2016;16:23;545;7714
758967;Jamaica;Germany;15.08.2015;15:05;01.04.2015;5:39;465;251
853715;China;Finland;16.08.2017;4:16;21.09.2017;5:53;101;10916
589363;China;Mexico;06.01.2015;18:16;02.10.2016;13:56;438;8176
717876;Philippines;China;18.03.2017;18:36;24.04.2016;2:24;235;4729
320695;Philippines;China;29.10.2015;21:46;07.10.2017;21:10;528;19136
845237;Portugal;France;01.07.2016;18:04;01.03.2017;16:26;510;9322
487506;Indonesia;Japan;09.03.2015;21:27;13.02.2016;17:14;538;13307
902301;China;Indonesia;29.09.2017;17:14;25.07.2016;3:22;241;8059
953894;Japan;Germany;29.09.2016;20:58;20.08.2017;9:45;148;18453
978135;China;Indonesia;24.01.2017;0:31;05.02.2015;10:02;414;6369
191001;Russia;China;11.07.2016;6:47;04.06.2015;0:56;152;3902
113927;China;Canada;28.08.2017;15:47;19.03.2015;16:49;118;12303
913935;France;Czech Republic;29.09.2016;19:45;19.08.2015;17:55;526;13996
999397;Russia;Russia;14.11.2017;13:34;21.10.2015;10:53;288;3025
333979;Luxembourg;Czech Republic;07.04.2015;2:54;26.07.2016;13:27;33;4163
501169;Canada;Albania;20.03.2017;2:35;11.08.2016;19:33;288;454
138204;Myanmar;Japan;22.04.2015;1:00;18.12.2017;20:27;369;15634
627661;China;South Africa;07.05.2016;22:36;19.05.2016;9:45;88;2885
572824;Canada;Mongolia;21.07.2016;6:45;26.05.2015;13:10;586;5842
998637;Indonesia;Brazil;30.12.2015;21:18;04.12.2017;3:18;12;8133
376017;Finland;Bosnia and Herzegovina;12.06.2017;15:03;28.09.2015;1:42;343;12997
237904;China;Greece;31.05.2015;23:22;30.05.2016;15:36;172;10484
439056;Indonesia;Russia;03.06.2016;17:56;21.07.2017;23:19;335;9409
867235;Brazil;Indonesia;19.06.2015;13:28;19.10.2016;2:59;51;15757
186176;Portugal;Portugal;08.03.2015;21:10;01.10.2015;20:27;442;9411
927971;Russia;Portugal;06.05.2017;17:21;02.04.2015;12:07;448;10225
882280;China;Japan;23.05.2016;16:12;15.02.2017;12:00;488;15933
915312;Poland;China;23.08.2017;7:08;29.08.2016;17:32;290;13312
369118;Iran;France;05.06.2016;22:37;20.11.2016;5:36;299;2195
362304;Czech Republic;Zimbabwe;13.11.2016;0:33;25.12.2015;8:07;301;11441
548015;Indonesia;Sweden;03.09.2016;7:41;08.10.2016;18:02;387;14494
174173;Ukraine;United States;29.07.2015;22:14;05.11.2017;0:53;535;12812
284343;Indonesia;Costa Rica;01.08.2015;16:51;10.07.2015;16:07;379;6805
391411;Myanmar;Brazil;10.04.2017;3:23;01.04.2017;9:39;465;15024
228979;Brazil;France;20.12.2017;1:19;25.06.2016;18:29;311;11528
713766;Venezuela;Poland;27.04.2017;18:26;13.11.2016;22:11;589;6205
997720;China;China;22.09.2017;19:41;13.01.2015;21:42;516;17501
527671;China;Indonesia;24.05.2016;3:47;07.03.2017;3:38;399;18747
875994;Brazil;China;24.12.2016;3:03;27.03.2015;3:10;504;9173
385099;Philippines;Poland;01.02.2016;0:37;02.07.2015;11:43;182;16640
321955;Malaysia;China;22.11.2017;8:18;10.10.2015;19:07;1;8123
946429;Venezuela;Colombia;20.09.2017;9:16;26.07.2017;18:40;107;12320
556565;Philippines;Indonesia;25.08.2015;14:22;24.09.2017;19:51;554;8810
816906;Indonesia;Poland;20.12.2016;7:47;26.04.2015;17:08;22;13827
657285;Philippines;United States;09.04.2015;21:08;11.12.2016;12:21;411;1158
180529;Brazil;Serbia;08.05.2015;21:04;25.07.2015;2:33;313;14217
747085;China;Ukraine;19.09.2016;10:44;29.08.2017;13:41;292;18365
278894;Peru;Kenya;11.08.2016;15:48;03.11.2016;12:42;582;6512
539554;Indonesia;Philippines;11.07.2017;14:06;11.06.2017;9:23;523;6218
237646;Portugal;Russia;01.04.2017;2:43;22.02.2017;20:43;464;3851
500472;China;Bulgaria;04.01.2015;0:49;14.03.2017;21:21;175;14751
501073;Sweden;Netherlands;18.10.2015;6:11;14.12.2015;14:03;481;4104
696160;Poland;Jordan;04.01.2017;0:19;30.03.2017;12:34;217;10540
467310;China;Canada;01.06.2017;2:43;01.05.2016;7:55;484;740
125183;Mongolia;Philippines;30.10.2017;14:45;27.10.2016;11:25;38;17648
304365;Czech Republic;Indonesia;29.04.2015;3:06;10.08.2015;7:09;498;9345
327532;Canada;Thailand;20.08.2015;14:52;21.11.2017;7:34;308;1456
203556;China;China;05.08.2015;0:24;10.11.2015;1:51;436;19853
510545;Russia;Russia;13.04.2015;15:07;26.09.2016;14:02;497;18079
929912;Brazil;China;05.07.2016;1:10;06.11.2016;3:57;416;6241
866336;Czech Republic;China;08.02.2015;16:23;27.05.2017;7:11;412;990
112743;Sweden;United States;22.03.2017;10:47;17.04.2015;2:37;105;15992
171940;France;Indonesia;16.05.2017;16:41;21.01.2017;6:42;92;17909
133766;China;Portugal;03.09.2016;6:23;30.03.2016;8:55;485;7616
274693;Israel;Philippines;10.05.2015;17:50;06.08.2017;7:23;459;10318
500680;United Kingdom;Myanmar;25.12.2015;2:30;29.09.2016;20:28;382;7134
254783;Poland;Georgia;03.10.2015;18:37;28.05.2016;17:54;291;16557
671287;France;Philippines;18.10.2016;15:34;02.01.2017;6:43;126;1484
915486;Thailand;China;15.03.2015;12:22;07.05.2017;8:06;267;11025
274828;Australia;Ukraine;07.11.2017;19:47;26.12.2017;7:31;574;4759
752841;Russia;Russia;17.04.2016;5:14;23.02.2017;12:43;405;5757
884975;Greece;France;03.12.2016;8:28;16.01.2017;1:19;234;2814
349130;China;Guatemala;13.02.2017;19:54;12.02.2017;21:43;503;4628
540031;Sri Lanka;Russia;27.06.2015;14:33;13.03.2017;11:45;51;10200
805320;Russia;Indonesia;13.01.2015;10:08;25.06.2016;7:59;586;10165
369563;United States;Armenia;10.08.2016;8:51;13.11.2015;18:48;487;16091
259320;China;Philippines;10.02.2016;16:42;29.04.2017;15:41;81;10191
654393;Brazil;Cambodia;17.08.2016;21:54;01.01.2017;8:00;525;7633
663817;Ukraine;Israel;23.06.2017;22:08;27.07.2017;13:35;368;5343
450222;Philippines;China;13.09.2017;22:44;28.10.2016;23:10;15;16251
577261;Indonesia;Philippines;31.01.2015;4:08;09.11.2015;0:59;140;7189
850955;Finland;Indonesia;22.06.2016;14:36;26.03.2016;22:56;529;7329
751699;Guinea;China;18.11.2017;5:45;08.01.2016;16:45;178;1115
820588;China;Slovenia;27.06.2017;6:57;14.08.2015;23:58;187;1612
279665;Philippines;China;25.12.2015;22:30;20.08.2017;21:19;278;2744
708877;Russia;Slovenia;06.01.2015;18:11;07.04.2016;19:42;432;6359
706272;Bosnia and Herzegovina;China;17.07.2016;12:22;29.07.2015;5:36;13;5345
958919;Norway;Greece;29.12.2016;7:49;16.03.2015;15:43;324;12236
429688;Poland;China;25.05.2016;1:35;10.09.2017;22:03;529;2081
680541;Philippines;France;29.03.2017;6:00;17.09.2017;11:03;164;9378
216174;China;Uzbekistan;04.04.2017;23:56;21.05.2016;3:30;105;10716
309251;China;Portugal;06.12.2015;11:44;15.12.2017;1:48;367;14102
211014;Indonesia;China;27.10.2016;14:11;27.12.2016;13:14;77;17054
468080;Philippines;Guam;30.11.2015;3:51;15.01.2017;15:40;134;3796
691022;China;Indonesia;01.07.2016;8:57;14.09.2017;11:19;481;6457
626051;China;Comoros;06.04.2017;21:00;13.11.2017;4:23;74;8324
192055;Brazil;Brazil;24.12.2015;6:37;17.10.2016;15:26;477;5355
671466;Sweden;Indonesia;14.06.2017;1:58;25.04.2017;4:50;142;19408
684775;Peru;China;08.05.2015;23:39;10.07.2016;1:21;180;18019
263947;France;Macedonia;11.04.2017;12:13;31.10.2016;10:31;482;1070
843240;Portugal;Philippines;08.06.2015;12:48;23.06.2016;10:42;85;5657
622377;Pakistan;Poland;29.04.2015;3:00;19.10.2017;7:44;560;19082
941257;Ukraine;Brazil;12.09.2015;4:55;16.09.2017;2:51;512;10800
748528;China;Brazil;24.12.2017;11:14;09.02.2015;10:02;319;18183
471926;Uzbekistan;Russia;03.05.2017;8:06;15.06.2016;21:16;214;455
382897;China;China;25.01.2015;19:16;01.09.2015;1:34;453;18205
481950;China;Russia;06.02.2015;1:16;24.07.2017;19:11;48;16279
774116;Portugal;Panama;04.10.2017;1:42;03.05.2015;12:34;438;17882
310879;China;Indonesia;25.10.2015;3:09;26.11.2017;15:03;530;15561
133215;Brazil;Malaysia;23.11.2017;6:30;22.01.2015;4:03;416;2069
970295;Poland;Indonesia;29.09.2017;14:29;28.05.2017;19:02;551;12275
544334;Guatemala;Mexico;13.06.2015;14:19;28.05.2017;8:27;340;1281
598653;South Africa;Afghanistan;07.05.2017;8:06;24.05.2016;8:33;497;6392
413637;China;Jamaica;22.05.2016;15:58;03.07.2017;9:39;432;14532
309429;United States;Poland;25.03.2016;11:46;13.03.2015;15:16;331;10150
797189;Serbia;Russia;24.12.2017;1:05;12.07.2017;0:52;20;14326
768089;Russia;China;18.01.2017;14:25;28.04.2015;4:28;191;16221
561538;Russia;Brazil;15.10.2017;16:23;05.06.2017;13:19;133;17221
173364;Sierra Leone;Sweden;11.08.2016;20:39;10.05.2016;18:43;384;2727
936110;Indonesia;China;04.12.2015;8:34;06.12.2016;9:08;87;7658
721611;China;Brazil;23.01.2017;10:09;05.06.2016;18:34;28;3217
663639;China;Indonesia;01.06.2015;10:26;02.05.2016;2:03;307;10054
760061;Indonesia;Sweden;03.09.2017;17:35;11.08.2015;1:47;377;8459
809313;Nigeria;China;03.10.2015;5:07;09.12.2016;2:35;325;8187
872170;Czech Republic;Brazil;14.08.2017;15:53;28.06.2016;6:06;85;5971
445896;China;Venezuela;26.05.2015;4:53;06.04.2016;12:48;75;5804
342114;Indonesia;Indonesia;28.02.2015;10:39;06.01.2016;0:37;579;13956
666763;Russia;Thailand;29.07.2016;18:06;07.11.2017;5:11;106;14200
757670;Mexico;Kuwait;17.11.2016;4:07;04.08.2016;8:40;526;14522
356110;Argentina;France;11.07.2016;0:12;04.01.2017;14:50;330;11874
175577;China;Philippines;08.03.2017;4:30;10.08.2016;6:34;349;11165
393429;China;Ukraine;04.07.2015;23:02;02.11.2015;20:31;188;2083
210940;Philippines;Norway;20.11.2017;22:13;25.03.2016;13:22;145;9636
944197;Sierra Leone;Indonesia;23.04.2016;23:00;25.05.2015;13:53;33;17339
272657;Indonesia;Sweden;21.10.2015;14:31;11.09.2017;0:00;403;14506
241781;Colombia;Portugal;26.04.2015;6:06;06.07.2015;10:57;518;17208
925012;Indonesia;Italy;25.11.2016;12:06;01.02.2015;9:40;285;4245
119417;Estonia;Sweden;22.11.2015;10:42;24.04.2016;1:01;435;1858
945377;Portugal;Mexico;08.07.2015;3:18;25.08.2016;21:37;303;13347
516991;Palestinian Territory;Indonesia;17.10.2016;6:40;13.03.2017;7:28;74;13750
109404;China;Russia;19.10.2017;1:29;30.12.2015;0:50;553;17392
134275;Indonesia;Greece;23.11.2016;17:55;09.08.2015;13:36;308;9580
917532;Latvia;Czech Republic;15.01.2017;21:08;21.08.2015;6:11;446;19492
295842;Tanzania;China;20.09.2015;5:21;17.12.2015;7:16;294;9927
986661;Japan;China;15.09.2016;17:09;04.07.2015;13:23;300;11663
731673;Mexico;Philippines;31.10.2017;10:38;30.07.2017;20:59;94;16317
342519;Guatemala;Argentina;19.11.2015;5:57;25.08.2017;12:26;577;16792
962311;Philippines;Indonesia;14.09.2015;13:55;19.07.2016;4:41;59;13886
150478;China;Indonesia;31.01.2017;9:15;23.11.2016;7:43;536;7411
704359;Russia;Hungary;30.04.2016;18:37;30.09.2017;9:36;384;10392
846467;Palestinian Territory;Colombia;18.10.2017;19:05;10.06.2017;19:45;172;3338
374420;Sweden;China;02.01.2017;7:20;01.03.2015;14:24;587;16556
663798;Argentina;Russia;03.11.2017;10:26;29.12.2015;12:06;158;15489
890891;Indonesia;France;02.06.2016;14:13;15.07.2017;12:24;560;19471
261122;Russia;Colombia;14.09.2016;9:21;08.05.2016;17:45;563;15001
847145;Poland;Brazil;03.04.2017;19:46;07.01.2016;6:31;514;7159
464227;China;Poland;04.02.2016;15:30;12.03.2015;22:18;80;12750
723320;Palestinian Territory;Poland;15.08.2016;14:46;20.12.2015;15:51;130;10539
245560;China;Czech Republic;16.12.2017;12:36;09.02.2015;0:03;48;5969
360005;Indonesia;Japan;28.01.2017;3:39;16.09.2015;17:55;447;11274
481750;China;Indonesia;26.12.2015;11:08;14.07.2017;14:54;575;15836
335855;Russia;Peru;02.11.2015;21:11;02.12.2017;23:18;595;12742
514299;Egypt;Peru;25.10.2017;10:16;22.09.2016;7:18;159;8474
530904;Ukraine;Ukraine;16.01.2017;0:42;09.07.2015;0:42;71;3196
140363;Niger;China;20.01.2017;1:27;01.06.2016;19:14;178;43
385959;China;Iran;26.06.2016;8:07;04.08.2016;9:22;56;12006
913955;China;Philippines;08.07.2015;6:05;06.09.2015;9:00;204;11995
881465;Russia;Cameroon;19.07.2015;12:16;30.04.2017;6:42;395;14670
895706;El Salvador;China;01.07.2016;0:21;02.05.2017;13:19;431;9337
180581;Sweden;Indonesia;22.07.2015;15:24;23.06.2015;7:57;398;6371
134080;Tanzania;Indonesia;28.11.2017;14:06;25.05.2015;8:47;309;9974
830031;Philippines;Papua New Guinea;27.07.2015;14:49;27.09.2017;11:18;69;19629
156896;Russia;Greece;01.02.2015;17:21;07.06.2016;9:25;307;16282
946797;China;Zambia;24.03.2015;6:44;22.02.2016;7:26;521;18064
676720;Bahamas;Russia;22.01.2015;12:59;08.06.2016;21:36;593;11611
702842;Brazil;Poland;22.07.2017;6:12;13.01.2015;0:59;178;4809
518082;China;Japan;30.01.2015;21:06;08.05.2017;4:31;84;7709
305622;France;Portugal;04.01.2016;12:00;02.03.2017;16:20;252;6398
158404;China;China;17.07.2017;17:32;06.10.2016;8:53;582;3281
251986;France;France;25.12.2017;13:00;08.11.2017;1:01;192;13607
886697;Norway;Philippines;23.06.2017;22:23;18.09.2016;7:38;262;17117
666048;Yemen;Cambodia;24.09.2015;19:12;19.01.2015;0:52;345;3674
736394;China;Philippines;04.03.2016;23:20;24.07.2016;22:23;369;5262
162711;Egypt;Trinidad and Tobago;22.05.2015;22:28;19.09.2016;19:55;194;4497
318659;China;Philippines;24.05.2017;3:30;08.02.2016;14:45;157;17070
701451;China;Azerbaijan;06.07.2017;5:20;22.01.2017;22:12;498;4883
319678;China;Thailand;21.07.2017;9:41;24.05.2017;19:54;159;8089
921334;Poland;Tunisia;27.03.2017;2:49;08.04.2015;1:22;446;6099
361256;Peru;Swaziland;09.08.2017;2:46;28.12.2016;22:21;424;6460
261586;Taiwan;France;07.08.2015;1:25;12.12.2015;14:26;127;2680
646395;South Korea;Sweden;04.02.2015;11:50;26.08.2015;21:22;106;7222
604016;China;Ireland;09.04.2017;1:47;16.01.2015;12:06;269;14024
400016;China;Poland;10.10.2016;19:57;01.07.2017;16:50;16;16561
160571;China;Philippines;04.12.2016;22:18;19.11.2017;23:47;215;6410
478205;Lithuania;China;02.10.2017;12:10;02.01.2017;5:32;176;11755
988379;Colombia;Sweden;10.12.2017;11:50;22.08.2016;5:39;416;19373
744715;Kazakhstan;China;09.01.2017;7:39;08.08.2015;14:54;124;17133
117335;Malaysia;Vietnam;19.06.2015;6:17;14.03.2016;12:28;192;5758
664566;Philippines;Indonesia;13.07.2017;2:21;19.03.2015;1:31;421;12248
555161;Russia;China;01.03.2015;21:13;10.06.2015;13:21;234;6589
336171;South Korea;Brazil;11.10.2016;13:31;12.01.2016;4:46;184;12259
863097;Iceland;Nigeria;07.12.2016;10:37;31.03.2017;8:24;131;16544
929114;Indonesia;China;15.04.2016;13:44;03.03.2015;12:45;333;6175
611151;Sweden;Ethiopia;12.06.2017;9:52;28.10.2016;15:44;73;2320
601386;Afghanistan;Philippines;27.01.2015;3:04;27.10.2017;23:41;538;8647
363341;Yemen;Finland;19.12.2015;7:16;07.12.2016;11:22;583;10521
279244;Russia;Mauritius;17.12.2016;7:16;20.06.2017;1:23;87;15033
986400;Indonesia;Indonesia;18.09.2015;12:58;10.08.2017;10:50;561;3599
133919;Bolivia;Nigeria;24.08.2016;1:29;27.01.2017;7:39;452;16490
116367;Mexico;South Africa;12.09.2017;16:45;22.07.2017;19:10;106;1817
270931;China;Russia;27.12.2017;15:28;02.04.2017;13:23;460;862
396559;Sweden;Indonesia;15.05.2016;11:46;18.01.2016;19:38;243;16094
898580;United States;Senegal;22.03.2016;6:25;10.07.2017;12:07;168;16893
391587;Uruguay;Bosnia and Herzegovina;17.01.2015;15:13;27.07.2015;0:58;142;19988
388945;Brazil;Portugal;23.06.2015;3:23;09.09.2017;5:37;267;9125
770114;China;United States;14.10.2015;23:23;15.12.2016;23:38;114;4741
266090;France;Sweden;03.02.2016;9:27;17.04.2016;7:16;190;8461
953886;Indonesia;Honduras;27.07.2016;6:43;30.09.2017;11:58;401;5248
440877;Cyprus;Honduras;12.09.2016;4:01;03.12.2015;23:09;513;8145
763946;China;Greece;07.02.2017;17:55;02.12.2015;17:19;577;797
970518;Philippines;Canada;04.08.2017;1:45;21.10.2015;14:22;515;19711
470101;Ukraine;Azerbaijan;26.11.2017;1:01;03.04.2017;18:38;301;1992
886545;Canada;Estonia;05.07.2017;8:54;31.05.2016;9:27;395;13607
661990;France;Indonesia;24.02.2017;7:42;13.12.2015;17:06;257;2740
158593;Peru;Russia;21.03.2015;18:15;30.03.2015;17:04;303;6666
341991;China;Brazil;01.05.2016;7:20;29.08.2015;20:12;294;8421
752678;Indonesia;Argentina;17.05.2015;5:10;01.06.2017;3:01;325;17149
402464;Brazil;France;19.03.2017;14:27;24.04.2016;3:57;281;9243
194677;China;China;30.04.2015;18:28;30.12.2017;22:11;448;3531
801599;Poland;China;21.09.2017;8:52;18.04.2016;7:14;66;5498
226207;Russia;China;08.07.2017;5:06;27.05.2016;3:34;187;8162
596426;China;Russia;27.06.2015;14:35;23.02.2016;12:20;87;18774
753167;Morocco;China;17.03.2016;3:49;19.11.2017;6:39;274;7401
611695;Portugal;Czech Republic;17.12.2017;18:40;11.08.2016;11:10;571;7531
837172;Philippines;Maldives;09.12.2015;16:49;14.02.2015;9:57;553;12838
858960;Sudan;Indonesia;29.04.2015;4:59;24.02.2016;13:27;250;11298
404565;Nigeria;Czech Republic;30.03.2016;4:16;02.09.2015;6:08;449;16724
452499;Mexico;Ukraine;22.02.2015;10:57;20.11.2017;7:41;7;15174
691530;Bulgaria;China;10.08.2015;5:49;06.01.2016;19:28;339;15228
153846;China;Burkina Faso;07.10.2016;22:17;10.09.2017;5:12;75;7264
340380;Philippines;Sweden;17.09.2017;7:04;19.09.2016;16:33;430;15804
656531;Sweden;South Korea;13.01.2015;0:18;22.08.2016;20:37;1;16944
340632;Kenya;Russia;07.07.2015;21:50;10.01.2016;15:09;209;5359
856540;Indonesia;China;27.10.2016;11:33;24.07.2017;13:30;174;7267
877436;Afghanistan;China;15.10.2015;20:18;15.11.2015;17:45;545;4495
661726;Indonesia;Russia;07.06.2017;13:00;05.01.2017;18:10;489;2189
392302;Peru;Russia;14.07.2016;3:04;30.03.2015;2:08;62;9789
673912;Philippines;Bulgaria;20.08.2017;17:21;04.11.2015;19:08;391;4567
627762;France;Germany;05.08.2015;19:04;12.01.2016;10:08;308;7832
511126;Philippines;France;25.11.2017;21:24;17.04.2015;11:15;48;4950
456009;France;France;11.03.2016;14:35;12.06.2016;9:40;183;18102
433632;United States;Canada;13.05.2017;9:45;31.07.2015;0:32;136;18490
446532;Bosnia and Herzegovina;Indonesia;05.01.2016;23:17;19.01.2015;6:48;110;5373
757646;Sweden;Philippines;02.12.2016;5:36;06.05.2015;6:59;360;9759
731166;Mexico;Portugal;22.01.2016;4:52;01.08.2016;22:13;267;16063
670378;Ukraine;Indonesia;22.02.2017;22:31;07.10.2017;10:17;519;7142
205451;Slovenia;Democratic Republic of the Congo;01.08.2015;19:46;05.02.2017;8:58;74;11784
155378;Bulgaria;Sweden;25.09.2015;22:45;10.12.2017;10:51;62;9655
809252;Sweden;China;20.07.2015;9:39;25.07.2017;23:11;572;1231
736146;Russia;Russia;26.02.2017;17:32;04.09.2015;11:24;298;19145
358752;Russia;China;11.05.2017;4:58;22.12.2017;16:34;127;382
585838;Russia;Sweden;18.11.2015;8:57;10.12.2017;14:37;599;18093
317456;Portugal;Vietnam;10.02.2016;21:53;27.11.2015;9:54;116;10870
400659;Argentina;China;03.03.2015;1:11;12.02.2016;15:42;520;14629
828709;Russia;Japan;27.05.2016;16:06;27.03.2016;8:27;515;11218
252690;China;Estonia;13.02.2017;5:37;06.02.2015;4:51;405;10411
639948;Philippines;Argentina;11.04.2015;8:04;05.11.2017;12:01;523;15571
736216;Brazil;Bulgaria;01.09.2015;10:22;10.04.2016;17:22;299;12200
975619;Indonesia;Thailand;12.12.2015;10:50;30.12.2015;1:35;516;14073
453830;Philippines;United States;17.06.2017;12:47;20.09.2015;3:06;95;9106
123452;Slovenia;Portugal;26.06.2015;1:05;20.10.2017;17:01;29;11928
213210;Lesotho;Indonesia;27.09.2017;5:04;14.05.2016;18:28;567;3747
373824;Belarus;Spain;15.11.2017;13:22;31.07.2015;7:00;484;3844
292451;Pakistan;Philippines;05.08.2016;14:27;12.10.2016;23:34;28;18022
683148;China;Peru;01.07.2017;1:46;28.07.2015;17:28;596;7303
542429;Morocco;Philippines;15.04.2017;20:26;09.08.2015;16:05;243;6400
273572;China;Albania;17.03.2017;19:44;11.03.2015;1:57;306;12171
318199;Philippines;China;07.06.2016;2:50;11.07.2016;3:58;432;15136
941121;Pakistan;Poland;10.08.2015;10:02;18.10.2015;9:57;558;7737
178818;China;Bosnia and Herzegovina;17.10.2016;17:08;21.06.2016;14:28;431;12750
259179;Indonesia;Philippines;15.05.2016;16:06;24.08.2017;1:29;357;11763
592985;Czech Republic;China;25.06.2016;13:30;29.12.2017;9:32;45;8353
149573;Venezuela;Portugal;07.09.2016;23:55;17.03.2016;0:47;141;3702
233837;Mauritius;Russia;20.08.2016;10:35;24.07.2015;8:31;503;19399
368079;France;Azerbaijan;07.04.2017;14:17;04.12.2015;1:56;429;5108
107101;Philippines;Russia;26.12.2016;22:26;17.03.2016;19:46;524;13291
911169;Sweden;Portugal;13.03.2015;16:07;25.12.2015;14:06;473;7281
199185;China;Thailand;13.12.2015;6:27;04.04.2015;6:36;232;16240
470272;United Kingdom;Zambia;06.05.2016;1:36;31.08.2017;20:57;191;5745
940938;Philippines;Greece;08.05.2015;23:28;24.10.2017;3:07;118;3295
917232;China;Argentina;24.07.2015;13:40;11.11.2017;10:55;76;19384
847838;Venezuela;China;09.09.2015;19:36;25.07.2016;20:23;131;17337
410819;France;Ukraine;01.11.2016;8:29;26.03.2015;6:06;144;4209
994863;Portugal;Portugal;06.03.2017;16:58;17.08.2016;4:24;375;8490
881609;Bangladesh;Greece;26.03.2015;16:25;26.07.2016;15:17;107;6351
746446;Dominican Republic;Brazil;04.09.2015;23:17;08.05.2015;18:51;327;11985
459718;Indonesia;Namibia;02.08.2017;14:46;04.08.2015;9:23;171;3993
521439;Indonesia;China;18.04.2015;11:05;16.09.2015;7:43;132;11261
958243;Indonesia;China;04.12.2015;18:25;19.07.2015;11:36;13;2512
870300;Philippines;Ukraine;08.08.2017;15:53;30.07.2017;3:40;516;564
399026;China;Russia;18.12.2017;3:34;28.11.2015;13:55;178;8691
575476;Japan;Democratic Republic of the Congo;06.08.2017;1:39;29.08.2017;22:23;508;11141
846471;Indonesia;Portugal;16.03.2015;7:07;03.06.2016;19:01;222;18418
128163;France;Canada;02.10.2017;6:31;24.11.2015;11:19;335;18997
872652;Brazil;Argentina;31.07.2016;8:54;08.10.2016;7:02;511;17478
793557;China;South Africa;13.12.2016;23:19;04.05.2017;10:30;543;457
573459;Canada;China;20.09.2017;11:00;02.04.2017;7:31;405;4335
581798;Mauritius;Portugal;18.05.2017;7:08;28.08.2016;7:41;547;6943
118466;China;Croatia;04.11.2017;1:15;27.01.2015;0:59;445;11804
246883;Slovenia;Indonesia;10.11.2016;15:40;03.10.2017;23:11;316;7576
892211;United States;Indonesia;18.01.2017;8:10;23.09.2017;17:33;41;1442
834866;China;Honduras;25.07.2015;10:03;02.01.2015;11:02;545;19628
488890;Philippines;Portugal;22.02.2017;4:27;12.05.2015;0:42;306;6170
913024;Russia;Canada;13.08.2015;16:16;05.05.2016;0:48;297;2238
813931;Indonesia;Pakistan;22.06.2017;13:08;06.08.2015;8:21;313;17593
816980;Albania;Democratic Republic of the Congo;01.03.2015;5:38;01.11.2017;15:26;326;5933
865993;Palestinian Territory;China;14.04.2017;1:08;25.11.2015;17:51;38;6932
286160;China;Colombia;22.04.2016;7:08;10.02.2015;5:59;117;991
340357;Russia;China;31.03.2017;16:31;11.06.2017;14:22;555;15503
634982;Norway;China;08.08.2016;4:59;22.04.2016;3:23;58;416
306880;Indonesia;China;21.06.2017;18:30;01.08.2016;14:57;215;17888
334529;Ecuador;Israel;20.10.2016;19:33;16.10.2016;4:03;238;15014
799026;Indonesia;Brazil;23.08.2017;16:52;12.09.2015;16:18;160;16422
567045;France;Brazil;24.09.2015;20:40;02.02.2015;14:02;534;16311
365016;Venezuela;Portugal;26.05.2016;6:37;22.04.2016;4:12;89;6527
620805;Indonesia;Qatar;27.10.2017;22:27;30.12.2015;13:18;346;18546
711780;China;United States;21.10.2017;13:01;06.01.2016;7:37;285;17320
587777;El Salvador;Argentina;07.09.2015;4:25;21.06.2016;9:46;433;19079
455514;France;China;22.12.2015;10:06;23.04.2015;13:51;455;15482
103346;China;Indonesia;16.09.2015;13:13;14.10.2017;11:15;526;15227
717811;Portugal;Argentina;22.05.2017;6:21;11.04.2015;5:32;462;8455
959587;Palestinian Territory;China;06.12.2017;0:34;20.10.2016;16:01;253;4191
139475;Czech Republic;Germany;25.08.2016;0:54;24.01.2017;13:00;212;15613
715828;Indonesia;Venezuela;06.06.2016;23:20;03.02.2017;14:37;316;14477
162350;Bosnia and Herzegovina;Russia;06.05.2015;20:43;25.07.2015;22:09;275;4865
422591;China;Yemen;16.06.2017;9:51;05.08.2015;9:42;589;13454
773874;Chile;France;27.12.2017;13:50;26.03.2016;13:08;545;17617
210912;China;Madagascar;23.06.2015;13:41;22.10.2015;14:34;55;3886
579961;South Africa;Indonesia;01.04.2016;16:12;21.09.2017;20:44;32;3123
227291;Portugal;China;06.02.2016;8:55;19.02.2015;15:57;344;2836
312597;Sweden;Thailand;17.04.2015;19:39;30.03.2016;18:52;126;14320
866350;Mexico;Philippines;05.02.2016;16:40;18.09.2015;5:53;66;829
113028;Portugal;China;01.05.2016;10:25;26.03.2015;8:40;137;15349
995988;China;China;06.10.2016;2:26;25.05.2017;6:30;528;2544
845881;Indonesia;Thailand;29.11.2015;20:00;03.01.2017;9:45;452;17483
301314;Malaysia;Macedonia;29.02.2016;14:35;08.08.2016;18:54;155;3235
765694;China;Spain;10.08.2016;8:04;17.05.2015;15:35;304;5123
704679;China;Philippines;23.05.2015;19:09;05.07.2017;4:53;598;7131
655480;Sweden;Bulgaria;28.06.2017;1:18;06.05.2017;18:33;495;12510
546155;Sweden;Albania;04.03.2017;23:02;09.02.2016;0:22;504;7100
998192;Chile;China;03.05.2017;14:08;05.08.2017;10:25;111;17746
560261;Japan;China;30.08.2017;9:35;21.08.2016;4:10;298;12500
451692;Russia;Indonesia;19.09.2015;15:50;20.04.2015;15:19;252;13687
415520;Philippines;China;09.12.2017;19:02;19.08.2017;7:17;219;2694
573791;Colombia;Vietnam;04.08.2017;12:13;21.01.2017;20:32;422;5304
501074;China;Hungary;25.12.2017;14:41;29.01.2015;16:44;154;5267
269777;Indonesia;China;11.12.2015;3:41;10.10.2016;18:17;282;18372
518384;Indonesia;Cuba;01.11.2015;5:13;30.09.2017;7:09;74;9511
274530;Indonesia;Denmark;15.02.2016;13:18;28.07.2017;18:24;39;11349
790932;Mongolia;China;02.08.2017;9:46;27.01.2017;2:11;5;6182
242948;Philippines;South Korea;31.05.2016;4:13;28.12.2015;1:14;191;19510
193508;China;Panama;23.03.2017;22:58;13.08.2016;23:53;548;8191
663733;Morocco;Uganda;07.07.2016;8:08;09.09.2015;3:21;89;1084
655764;France;Poland;31.07.2015;10:42;19.08.2017;18:11;225;9049
724772;Japan;Russia;05.12.2015;13:00;03.05.2016;8:41;574;1331
399684;Finland;Netherlands;17.10.2015;8:20;11.07.2016;7:53;479;12074
620666;Ireland;Japan;19.07.2015;23:50;26.09.2017;10:08;422;11830
257058;Japan;Armenia;26.12.2017;0:58;08.11.2016;0:34;580;15436
852438;Indonesia;Czech Republic;29.06.2015;1:43;23.06.2017;8:30;99;14313
990041;Ukraine;China;03.07.2016;6:45;26.09.2015;12:40;83;11900
917778;China;China;22.06.2015;13:16;21.04.2015;7:02;568;14292
218496;Philippines;Croatia;05.02.2017;10:33;08.09.2017;17:14;287;4752
338605;China;United States;30.06.2015;22:18;19.01.2015;5:53;281;3391
472151;Guinea;Czech Republic;21.09.2015;13:59;01.06.2017;5:09;481;2753
947625;Brazil;Indonesia;29.03.2016;10:02;23.02.2017;23:30;45;10221
996385;Bolivia;Croatia;28.02.2016;20:48;15.03.2015;4:48;352;17865
173802;Serbia;China;05.01.2015;3:20;20.09.2016;22:03;123;6138
173308;United States;Colombia;30.07.2017;1:02;03.10.2015;2:52;268;10944
629890;China;Indonesia;30.06.2016;22:46;29.07.2017;10:10;599;4378
374217;Brazil;United Arab Emirates;16.10.2017;15:24;10.10.2017;2:15;585;18856
100028;Russia;Ukraine;07.09.2016;19:50;11.11.2016;15:37;562;15972
740727;China;Indonesia;03.10.2017;4:04;30.09.2017;22:46;374;11702
241855;Bulgaria;Philippines;12.02.2015;2:57;30.12.2015;12:56;347;16781
685562;Russia;Russia;11.10.2017;4:13;20.05.2016;15:46;333;13862
547607;Germany;Russia;26.05.2016;19:04;28.10.2016;11:28;479;10556
163971;Indonesia;Iran;19.01.2015;14:45;10.11.2015;12:04;414;18182
460081;Indonesia;Swaziland;15.02.2017;23:23;23.05.2017;20:19;536;2107
418177;Philippines;France;23.11.2017;21:43;29.11.2015;8:22;439;19247
298854;Guatemala;Belarus;23.10.2015;4:09;03.01.2015;21:10;426;7223
693262;Yemen;China;19.02.2015;10:31;31.07.2016;19:15;220;5085
452964;Azerbaijan;China;25.02.2017;0:59;02.03.2016;1:30;504;10858
692475;Indonesia;China;26.10.2015;21:39;14.12.2017;12:51;472;15508
978950;Russia;Portugal;06.12.2017;9:32;04.06.2015;4:01;110;12124
225162;Japan;China;24.01.2015;17:05;23.08.2016;22:48;377;10944
771318;China;Norway;20.07.2015;15:35;12.08.2016;1:33;356;9332
131133;Czech Republic;Greece;12.12.2015;10:44;22.11.2015;5:28;27;4330
491191;Spain;Indonesia;18.06.2016;16:47;14.03.2017;6:03;313;12592
660553;Mexico;Sweden;29.04.2017;23:11;18.04.2016;11:59;202;4335
538319;Poland;Brazil;18.01.2017;22:00;30.04.2016;23:51;222;12959
879577;China;United Kingdom;22.03.2015;10:46;23.01.2017;13:36;194;5384
557973;France;China;17.12.2016;18:43;30.03.2016;11:56;570;5481
489282;China;China;22.04.2015;18:27;17.08.2017;10:00;151;13697
120259;Poland;Philippines;23.08.2015;9:47;08.05.2015;9:09;597;953
561456;Sudan;Nigeria;26.01.2015;19:42;13.02.2015;14:07;212;14085
829152;Russia;China;31.10.2015;4:06;28.09.2016;9:02;384;18073
865452;Belarus;China;19.08.2017;14:59;23.08.2017;18:03;322;8506
691081;Russia;Sweden;12.06.2015;15:23;18.01.2016;2:34;442;12138
819038;Russia;Nigeria;03.10.2016;22:25;01.11.2017;6:02;247;10341
984701;China;China;18.05.2015;23:41;30.11.2017;18:14;216;13173
595003;Philippines;Finland;01.02.2015;23:43;07.08.2016;7:12;364;1965
532089;China;China;13.06.2015;12:57;11.10.2015;6:05;517;2981
573057;Poland;Honduras;18.02.2015;15:50;03.07.2015;21:11;580;7278
618660;Yemen;Colombia;04.11.2017;15:36;03.02.2017;5:09;226;6368
343445;Indonesia;South Africa;28.01.2016;3:00;03.04.2016;22:10;270;12203
880831;South Africa;Vietnam;04.07.2017;13:21;07.09.2015;23:31;183;2245
301561;Japan;Indonesia;24.04.2015;6:26;04.04.2016;9:01;202;3923
877593;China;Brazil;18.03.2017;20:15;24.01.2016;8:55;360;1209
149007;Thailand;Philippines;24.06.2016;0:49;26.05.2016;18:58;56;15808
977019;Portugal;Mexico;08.10.2016;0:11;19.04.2017;15:23;518;11291
227897;Mongolia;Vietnam;02.11.2015;12:44;08.09.2017;1:49;118;1461
767368;Brazil;China;10.08.2017;23:09;10.08.2016;3:14;343;4919
476386;Venezuela;China;03.12.2017;5:48;01.07.2016;1:17;591;12481
967643;Nigeria;China;03.05.2016;20:53;28.09.2015;5:05;40;16131
397715;Indonesia;China;19.09.2015;6:40;29.06.2015;8:43;308;13478
242972;Russia;Brazil;29.01.2015;15:47;30.09.2015;0:25;281;16888
862841;Sweden;Armenia;01.01.2016;4:30;21.11.2015;0:41;33;6095
524470;Portugal;France;01.11.2015;13:46;27.10.2016;2:55;183;17526
710854;China;Ethiopia;22.07.2015;16:32;06.08.2017;18:24;432;5900
401281;Portugal;Portugal;24.10.2015;17:24;13.02.2015;7:12;310;17792
932866;Cuba;Portugal;07.09.2015;8:10;25.04.2017;18:55;103;8476
126136;Philippines;China;11.07.2016;8:59;09.10.2017;20:05;79;10122
774341;China;Japan;08.09.2017;4:55;20.11.2015;1:15;590;14432
985355;Ireland;Peru;02.06.2016;17:26;30.09.2017;19:22;458;14116
524984;Somalia;Afghanistan;24.12.2015;10:47;05.05.2015;2:18;410;1479
837984;Japan;Russia;23.08.2017;20:51;29.06.2016;22:24;474;12463
761655;Tunisia;Morocco;14.08.2017;0:42;11.01.2015;12:49;198;6926
813982;Colombia;China;07.06.2015;12:41;28.07.2017;7:59;268;672
832450;China;China;13.11.2016;2:39;29.11.2015;22:27;477;4181
746122;China;Ukraine;13.07.2017;21:28;11.09.2015;12:59;36;16011
171964;Serbia;Guatemala;06.02.2016;17:25;27.03.2017;16:29;417;4275
762286;Mexico;Russia;17.08.2016;13:50;20.06.2015;4:03;320;3740
144756;Brazil;Slovenia;03.04.2016;0:11;21.01.2015;2:44;300;1182
276919;Greece;Poland;05.01.2017;9:06;24.09.2017;23:27;31;91
762928;China;China;17.05.2017;15:40;31.05.2016;2:19;559;10247
172133;Philippines;Russia;07.10.2017;17:38;14.03.2016;21:30;82;12807
355986;Czech Republic;Nigeria;01.03.2017;4:53;25.03.2017;23:08;65;6046
819190;Russia;Thailand;09.01.2016;5:22;27.09.2015;5:32;107;1776
110011;China;Poland;13.05.2015;8:57;19.12.2017;12:17;423;11215
501853;Iceland;Russia;24.03.2015;21:55;07.04.2015;6:02;298;11766
302138;Malaysia;Bosnia and Herzegovina;17.07.2015;0:17;08.04.2016;20:26;332;442
506257;China;Philippines;27.08.2017;16:18;16.04.2016;2:53;413;15114
279282;France;China;26.01.2016;15:38;03.03.2017;0:36;259;14419
191560;China;Indonesia;06.02.2016;22:08;26.04.2017;18:35;174;11614
284898;China;Palau;14.09.2016;13:08;30.07.2015;13:22;49;2170
532088;Poland;China;19.07.2015;8:30;20.01.2017;14:16;162;7845
563173;Indonesia;Belarus;14.05.2016;11:45;14.05.2015;4:45;257;3539
632154;Indonesia;France;01.07.2015;6:35;06.06.2015;23:27;196;9292
598130;Sweden;Sri Lanka;16.10.2015;3:30;01.06.2017;1:26;596;6135
902011;Indonesia;Albania;10.09.2017;0:53;18.07.2017;21:27;109;297
737760;Indonesia;China;24.01.2017;4:04;16.01.2016;5:36;396;4766
611245;Greece;Ecuador;11.04.2016;9:32;01.11.2017;16:38;308;3819
604155;China;Portugal;06.10.2016;18:52;25.12.2017;10:13;504;6271
949478;Russia;Guam;10.05.2017;1:14;09.09.2015;22:27;537;17916
751289;France;Venezuela;21.07.2016;10:52;13.09.2016;1:05;485;10512
502405;United States;Central African Republic;14.01.2015;11:29;28.08.2015;5:54;435;17047
146395;China;Canada;05.09.2016;19:30;28.01.2017;17:48;281;3057
692141;Ecuador;Indonesia;18.03.2016;15:44;19.11.2015;7:18;5;11296
390363;Peru;Indonesia;30.06.2016;9:38;01.02.2015;13:50;182;19142
900286;Nicaragua;China;14.06.2017;5:38;14.04.2016;6:35;259;4293
124819;Argentina;Poland;24.04.2016;5:20;09.07.2017;19:39;329;7198
113801;Portugal;China;24.10.2015;13:55;29.01.2015;17:40;180;16886
849391;Gambia;China;06.08.2017;21:00;11.05.2015;0:33;83;17679
582708;China;Portugal;09.09.2016;5:00;25.02.2015;23:08;267;19928
983500;Philippines;Vietnam;03.07.2016;18:38;09.06.2015;21:22;50;8738
304426;Russia;Brazil;17.12.2015;21:02;11.12.2015;11:21;464;2947
807325;Portugal;Russia;16.01.2015;5:58;03.11.2016;21:38;144;15572
306327;Sweden;Germany;19.02.2017;10:11;19.12.2015;23:54;115;16969
575223;Armenia;Japan;29.12.2016;20:58;01.06.2017;17:14;319;4169
808011;Zambia;Philippines;22.07.2016;13:02;12.07.2015;19:29;219;14890
245665;Indonesia;Myanmar;19.07.2016;18:11;12.08.2015;19:39;411;7389
315474;Portugal;Philippines;24.07.2017;15:07;17.08.2017;15:04;34;3356
892133;Argentina;Portugal;28.10.2017;6:51;21.01.2017;21:47;262;8748
407506;Russia;Indonesia;25.12.2015;4:28;31.01.2015;10:14;448;5905
850193;Philippines;Sweden;04.03.2016;9:30;09.06.2017;10:01;24;10022
635852;Philippines;Mexico;25.02.2016;18:59;15.05.2016;3:05;183;13249
380509;China;Azerbaijan;15.06.2017;7:16;10.02.2015;15:57;417;1330
602588;China;Poland;10.07.2016;17:09;01.03.2015;9:13;398;18190
489430;China;Russia;19.01.2016;10:09;07.08.2017;21:12;555;19935
850221;Indonesia;Armenia;25.02.2016;6:18;12.08.2015;9:49;587;13869
189616;Yemen;France;01.11.2016;6:38;15.02.2016;20:23;223;2156
433289;France;China;27.08.2015;17:04;20.11.2016;18:15;394;19079
312603;France;Mongolia;11.09.2015;10:27;06.01.2016;5:19;49;8394
731301;Thailand;Dominican Republic;01.08.2016;10:51;18.02.2015;11:20;392;5096
272198;France;Russia;21.08.2015;3:59;04.05.2015;4:30;144;17109
511368;Portugal;Indonesia;18.05.2016;10:24;11.06.2017;2:18;11;17610
603235;China;Indonesia;29.03.2016;7:18;21.02.2017;7:54;74;11981
386320;China;Poland;26.05.2017;22:07;30.08.2015;4:56;478;4209
892541;Portugal;Indonesia;16.06.2017;16:30;07.05.2015;5:19;186;12389
521856;China;Iran;19.07.2016;18:33;20.06.2017;12:03;346;2496
743912;China;Venezuela;24.03.2015;21:46;12.11.2017;1:35;270;1320
876429;China;Russia;29.12.2017;11:03;18.09.2016;21:31;541;4128
220830;Peru;Russia;26.02.2017;3:43;23.04.2016;4:25;228;7732
287197;Senegal;Indonesia;08.01.2015;16:46;05.03.2015;21:05;145;18087
983046;Canada;United States;06.08.2016;0:11;26.03.2016;9:35;395;19902
292398;China;Sweden;07.05.2015;18:23;26.02.2016;16:25;54;10757
946188;China;Russia;01.03.2017;21:46;30.05.2017;23:48;462;15590
779411;Indonesia;Colombia;22.05.2016;1:11;03.12.2016;15:57;122;5887
434051;Greece;Philippines;02.01.2015;15:33;16.05.2017;13:41;246;12170
921987;Indonesia;China;24.04.2017;20:46;25.10.2017;10:52;300;6720
824637;China;Albania;31.07.2017;9:13;06.02.2016;2:29;510;19637
135909;Colombia;China;13.04.2016;15:49;06.10.2017;14:11;129;1167
828923;Czech Republic;Bulgaria;16.08.2017;19:10;28.09.2017;19:14;313;3037
448756;Indonesia;Japan;01.05.2016;12:48;20.12.2015;1:47;70;6735
589261;China;Argentina;17.06.2017;16:43;09.05.2015;18:56;105;12535
724139;China;Argentina;12.07.2017;5:09;12.11.2017;21:48;420;6067
394153;Colombia;Libya;11.03.2016;11:33;25.10.2017;20:30;362;745
528569;Niger;Iran;16.09.2017;2:36;22.12.2016;13:09;303;17558
814316;Brazil;Ecuador;07.11.2017;17:13;09.07.2015;13:30;284;17218
354640;Indonesia;China;31.10.2016;5:23;04.10.2015;11:18;238;3841
259305;France;Sweden;13.01.2017;21:02;26.05.2015;15:19;366;10326
714969;United States;Philippines;14.10.2015;9:49;24.05.2015;7:03;178;13707
658278;China;Sweden;14.08.2017;19:44;28.01.2016;13:01;170;12474
768330;Indonesia;Czech Republic;10.11.2015;10:53;16.05.2016;5:25;463;16876
586936;Malawi;Poland;01.06.2015;18:33;07.12.2017;19:33;203;19745
453606;Azerbaijan;Argentina;27.10.2016;5:26;08.02.2015;20:34;115;11121
671647;Russia;China;26.08.2016;6:06;08.10.2015;19:27;505;5642
819569;China;Philippines;06.06.2015;2:58;19.11.2016;8:44;198;10117
799944;Czech Republic;Indonesia;26.08.2017;13:40;13.08.2017;21:05;477;9144
574205;Kenya;Greece;15.06.2015;19:58;09.11.2015;20:09;202;4538
352995;Russia;Indonesia;18.07.2016;16:48;16.10.2015;18:45;30;1757
234702;Philippines;China;02.08.2015;3:35;11.02.2016;2:48;68;10958
590232;Philippines;Serbia;22.08.2016;1:22;26.07.2016;1:50;355;15731
285198;Gambia;Russia;31.03.2017;3:51;03.12.2016;4:54;97;11125
916322;United States;France;16.02.2017;1:20;29.01.2015;19:37;152;3590
